{
   "camera_matrix": [
      [
         1274.651758876718,
         0.0,
         650.4142769604756
      ],
      [
         0.0,
         1274.628416572362,
         502.1303160727889
      ],
      [
         0.0,
         0.0,
         1.0
      ]
   ],
   "distortion_coefficients": [
      [
         -0.05293982520921969,
         0.10994586759411824,
         -0.0007759512169766457,
         0.0019091805579054533,
         0.1080877505330919
      ]
   ],
   "rotation_vectors": [
      [
         [
            -0.00593823054130427
         ],
         [
            0.010950966147909722
         ],
         [
            -0.9212644300311323
         ]
      ],
      [
         [
            -0.023318825316618937
         ],
         [
            0.07991259765512516
         ],
         [
            1.7760278867732657
         ]
      ],
      [
         [
            0.05824225421709142
         ],
         [
            0.3040442134925698
         ],
         [
            1.6660314111993995
         ]
      ],
      [
         [
            -0.06203366645166077
         ],
         [
            0.01779755086557998
         ],
         [
            1.4180225504625192
         ]
      ],
      [
         [
            -0.1392826840738251
         ],
         [
            0.10856785779329059
         ],
         [
            1.4572367921494382
         ]
      ],
      [
         [
            -0.050056330941542077
         ],
         [
            0.20702953110354683
         ],
         [
            1.421491131096654
         ]
      ],
      [
         [
            -0.07740143170638344
         ],
         [
            0.1409504701478229
         ],
         [
            1.4151970548808492
         ]
      ],
      [
         [
            -0.17688283747170577
         ],
         [
            0.19990296345915748
         ],
         [
            0.9154879713267936
         ]
      ],
      [
         [
            -0.1825166483995106
         ],
         [
            -0.03511206240641846
         ],
         [
            1.4603875492684306
         ]
      ],
      [
         [
            -0.1014065915237652
         ],
         [
            -0.015232993936743917
         ],
         [
            1.417259710677313
         ]
      ]
   ],
   "translation_vectors": [
      [
         [
            2.487017570490032
         ],
         [
            6.675958806263363
         ],
         [
            45.15818227621461
         ]
      ],
      [
         [
            9.067184542397648
         ],
         [
            2.2972336999094436
         ],
         [
            52.30046734809614
         ]
      ],
      [
         [
            -4.92797728204423
         ],
         [
            -3.327751066572938
         ],
         [
            40.1099397863303
         ]
      ],
      [
         [
            -5.087996855907462
         ],
         [
            -5.9806978169091325
         ],
         [
            37.327312599186335
         ]
      ],
      [
         [
            10.353647148990715
         ],
         [
            -4.828150005371797
         ],
         [
            37.9264140585168
         ]
      ],
      [
         [
            14.525466104068508
         ],
         [
            -5.843535704245618
         ],
         [
            33.65743224983169
         ]
      ],
      [
         [
            -2.135886531734654
         ],
         [
            2.0107115669877307
         ],
         [
            27.85154866449258
         ]
      ],
      [
         [
            -9.183114070693602
         ],
         [
            7.038586169853255
         ],
         [
            38.42809101045792
         ]
      ],
      [
         [
            10.419114012570008
         ],
         [
            -8.546495892389713
         ],
         [
            31.319454010691455
         ]
      ],
      [
         [
            -6.909570240018822
         ],
         [
            5.518840630586642
         ],
         [
            30.915882477012943
         ]
      ]
   ]
}